r_i,B_expand,I_expand,lhs_benefit_info,C_obs,P_boundary,P_boundary_x_C_boundary,C_correct,rhs_cost_risk,margin_lhs_minus_rhs,expand
1.0,0.000000,0.000000,0.000000,1.500000,0.000000,0.000000,0.800000,2.300000,-2.300000,false
1.2,1.823216,0.729286,2.552502,1.800000,0.018364,0.367285,1.058008,3.225293,-0.672792,false
1.5,4.054651,1.621860,5.676512,2.250000,0.066115,1.322308,1.469694,5.042002,0.634510,true
2.0,6.931472,2.772589,9.704061,3.000000,0.164730,3.294598,2.262742,8.557339,1.146722,true
3.0,10.986123,4.394449,15.380572,4.500000,0.367265,7.345300,4.156922,16.002222,-0.621650,false
4.0,13.862944,5.545177,19.408121,6.000000,0.524424,10.488489,6.400000,22.888489,-3.480368,false
6.0,17.917595,7.167038,25.084633,9.000000,0.747239,14.944774,11.757551,35.702325,-10.617692,false
8.0,20.794415,8.317766,29.112182,12.000000,0.866793,17.335864,18.101934,47.437798,-18.325616,false
