R,E_tau,sd_U,relative_uncertainty_sdU_over_Etau,P_tau_ge_T
0.0,27.499698,4.329971,0.157455,0.00000
5.0,32.499698,4.329971,0.133231,0.00000
10.0,37.499698,4.329971,0.115467,0.00000
20.0,47.499698,4.329971,0.091158,0.00000
30.0,57.499698,4.329971,0.075304,0.33276
40.0,67.499698,4.329971,0.064148,1.00000
60.0,87.499698,4.329971,0.049486,1.00000
